sale_day,customer_score,losses_day,Organization,Responsibility,Conduct,Resource_management,Conflict_management,Contribution
4992,1,-947,0,0,0,0,0,0
2612,2,-462,0,0,1,0,0,0
1689,0,-798,0,0,1,0,0,0
196,2,-287,0,1,1,0,0,0
2802,2,-916,0,1,1,0,0,0
3814,1,-187,0,1,0,0,0,0
3777,1,-840,0,1,1,0,0,0
169,2,-274,0,1,0,0,0,0
4104,0,-70,0,1,0,0,0,0
4004,2,-937,0,0,0,0,0,0
1132,0,-637,0,1,0,0,0,0
3678,0,-414,0,0,1,0,0,0
4218,1,-1110,0,1,1,0,0,0
3842,2,-1378,0,0,0,0,0,0
3903,0,-7,0,1,0,0,0,0
1593,1,-947,0,0,1,0,0,0
3322,1,-896,0,0,0,0,0,0
4097,1,-57,0,1,0,0,0,0
2513,0,-1477,0,0,1,0,0,0
4360,2,-1026,0,0,0,0,0,0
1024,1,-206,0,1,1,0,0,0
4100,0,-330,0,0,0,0,0,0
4125,2,-1059,0,0,1,0,0,0
1774,1,-606,0,0,0,0,0,0
1586,2,-650,0,1,0,0,0,0
2319,2,-609,0,0,1,0,0,0
3175,2,-769,0,1,0,0,0,0
4971,1,-903,0,0,1,0,0,0
4474,1,-536,0,1,1,0,0,0
3240,0,-671,0,0,1,0,0,0
4860,1,-1378,0,0,0,0,0,0
3171,1,-1059,0,0,0,0,0,0
4285,1,-1483,0,0,0,0,0,0
2878,2,-51,0,1,0,0,0,0
4397,1,-894,0,1,0,0,0,0
1850,2,-1202,0,1,0,0,0,0
2324,1,-1064,0,0,0,0,0,0
460,2,-26,0,1,0,0,0,0
1227,1,-1076,0,1,0,0,0,0
4201,0,-1327,0,1,1,0,0,0
3918,1,-426,0,0,0,0,0,0
4648,0,-828,0,0,1,0,0,0
2044,0,-1036,0,1,0,0,0,0
636,0,-1007,0,1,1,0,0,0
4802,0,-609,0,1,0,0,0,0
989,0,-1228,0,1,0,0,0,0
379,2,-30,0,0,1,0,0,0
4148,1,-362,0,0,1,0,0,0
748,2,-1424,0,0,0,0,0,0
3429,0,-1500,0,1,0,0,0,0
2482,0,-883,0,0,0,0,0,0
3627,2,-463,0,1,1,0,0,0
1569,0,-1046,0,1,1,0,0,0
4656,1,-390,0,0,0,0,0,0
81,1,-883,0,0,0,0,0,0
4961,2,-117,0,1,0,0,0,0
3668,0,-574,0,0,0,0,0,0
3971,0,-1210,0,1,0,0,0,0
2845,1,-456,0,0,0,0,0,0
4345,0,-36,0,1,1,0,0,0
4043,1,-2,0,0,0,0,0,0
2428,0,-719,0,1,1,0,0,0
4691,1,-399,0,1,0,0,0,0
1751,1,-732,0,0,1,0,0,0
715,2,-862,0,0,1,0,0,0
356,2,-1351,0,0,1,0,0,0
3934,2,-790,0,1,1,0,0,0
2703,0,-294,0,0,1,0,0,0
3480,1,-329,0,1,1,0,0,0
1275,0,-473,0,0,0,0,0,0
1881,2,-983,0,0,0,0,0,0
4010,0,-760,0,0,1,0,0,0
4954,0,-1107,0,1,0,0,0,0
4353,2,-407,0,1,1,0,0,0
1080,0,-606,0,0,1,0,0,0
3852,1,-1398,0,0,0,0,0,0
4278,0,-88,0,1,1,0,0,0
4121,0,-734,0,1,0,0,0,0
1837,2,-369,0,0,1,0,0,0
3418,1,-1087,0,1,1,0,0,0
475,2,-961,0,1,0,0,0,0
4338,0,-1055,0,1,0,0,0,0
4551,2,-1261,0,0,1,0,0,0
4382,2,-915,0,0,0,0,0,0
2551,2,-1145,0,1,0,0,0,0
2685,0,-389,0,0,0,0,0,0
2647,1,-608,0,0,0,0,0,0
2089,1,-376,0,0,0,0,0,0
4704,0,-595,0,1,0,0,0,0
1840,0,-1091,0,0,1,0,0,0
119,1,-357,0,0,1,0,0,0
313,0,-835,0,0,1,0,0,0
2056,0,-243,0,1,0,0,0,0
4743,0,-593,0,1,0,0,0,0
2081,1,-1370,0,0,0,0,0,0
4368,2,-1243,0,0,0,0,0,0
3655,0,-1124,0,1,1,0,0,0
1421,0,-733,0,0,1,0,0,0
952,0,-1214,0,1,0,0,0,0
769,2,-1188,0,0,1,0,0,0
1169,2,-303,0,1,0,0,0,0
1131,1,-964,0,1,0,0,0,0
3310,2,-79,0,0,1,0,0,0
581,1,-40,0,0,1,0,0,0
2822,0,-102,0,1,0,0,0,0
20,1,-28,0,1,0,0,0,0
4819,1,-1450,0,1,0,0,0,0
3239,0,-27,0,0,0,0,0,0
3263,2,-329,0,0,0,0,0,0
4397,0,-573,0,0,1,0,0,0
4058,2,-355,0,1,0,0,0,0
912,0,-614,0,1,1,0,0,0
409,1,-1058,0,0,0,0,0,0
727,2,-451,0,1,1,0,0,0
4686,2,-397,0,1,0,0,0,0
1168,2,-1380,0,0,0,0,0,0
914,1,-637,0,0,1,0,0,0
2449,0,-713,0,1,0,0,0,0
1191,0,-1494,0,0,1,0,0,0
4900,0,-1161,0,1,1,0,0,0
1589,0,-1492,0,0,1,0,0,0
4260,2,-1209,0,0,0,0,0,0
4626,2,-168,0,0,0,0,0,0
4590,2,-453,0,0,1,0,0,0
1629,2,-747,0,1,0,0,0,0
4644,1,-972,0,0,1,0,0,0
2589,1,-467,0,0,1,0,0,0
3312,2,-211,0,1,1,0,0,0
3396,2,-1379,0,0,0,0,0,0
3987,2,-1359,0,0,0,0,0,0
939,2,-979,0,1,0,0,0,0
4856,2,-1038,0,1,0,0,0,0
4379,0,-442,0,1,1,0,0,0
3788,2,-741,0,0,0,0,0,0
3018,2,-244,0,0,1,0,0,0
801,2,-199,0,1,1,0,0,0
1888,2,-1239,0,1,0,0,0,0
2966,2,-948,0,1,0,0,0,0
554,1,-701,0,1,1,0,0,0
810,2,-499,0,0,1,0,0,0
3039,2,-1384,0,1,1,0,0,0
4397,2,-848,0,1,0,0,0,0
542,0,-397,0,1,1,0,0,0
1891,2,-553,0,0,1,0,0,0
1098,2,-1215,0,0,1,0,0,0
4437,1,-1287,0,1,0,0,0,0
4936,1,-775,0,0,0,0,0,0
2796,2,-1098,0,1,1,0,0,0
1154,1,-495,0,0,0,0,0,0
3555,1,-1039,0,0,0,0,0,0
485,0,-673,0,1,1,0,0,0
3932,0,-1079,0,1,0,0,0,0
1102,1,-880,0,1,1,0,0,0
672,1,-23,0,1,0,0,0,0
3420,0,-1483,0,0,1,0,0,0
3258,1,-828,0,1,1,0,0,0
3758,0,-12,0,1,0,0,0,0
541,2,-624,0,1,0,0,0,0
244,0,-1476,0,1,0,0,0,0
1776,1,-1374,0,1,1,0,0,0
465,1,-1476,0,1,0,0,0,0
2761,0,-1204,0,0,0,0,0,0
674,1,-1108,0,0,0,0,0,0
2594,2,-134,0,1,1,0,0,0
3580,0,-57,0,0,1,0,0,0
3242,2,-1477,0,1,0,0,0,0
596,2,-473,0,1,0,0,0,0
1344,2,-529,0,0,0,0,0,0
4322,0,-795,0,1,1,0,0,0
9,2,-639,0,0,0,0,0,0
574,2,-793,0,1,1,0,0,0
1307,2,-1357,0,1,0,0,0,0
3391,0,-496,0,0,0,0,0,0
4005,0,-231,0,1,1,0,0,0
2812,1,-172,0,1,1,0,0,0
3485,0,-277,0,1,1,0,0,0
2772,1,-1138,0,0,1,0,0,0
2845,0,-1030,0,1,0,0,0,0
1947,0,-888,0,0,0,0,0,0
136,2,-1351,0,0,0,0,0,0
3310,0,-664,0,1,0,0,0,0
3568,1,-500,0,1,0,0,0,0
3848,2,-566,0,1,0,0,0,0
4597,2,-886,0,0,1,0,0,0
3960,0,-1090,0,0,0,0,0,0
1010,1,-1213,0,1,0,0,0,0
814,1,-884,0,1,1,0,0,0
4974,0,-55,0,1,0,0,0,0
2415,1,-290,0,1,1,0,0,0
4746,0,-1258,0,1,1,0,0,0
3325,0,-833,0,1,0,0,0,0
4892,0,-1271,0,1,1,0,0,0
907,1,-1497,0,0,0,0,0,0
1838,1,-1474,0,0,1,0,0,0
3663,0,-1469,0,0,1,0,0,0
2125,0,-1181,0,1,1,0,0,0
2162,2,-1031,0,1,1,0,0,0
4865,1,-1382,0,0,0,0,0,0
3240,2,-655,0,1,1,0,0,0
1004,2,-489,0,0,0,0,0,0
1290,1,-222,0,0,1,0,0,0
2213,0,-227,0,0,1,0,0,0
3963,1,-745,0,0,0,0,0,0
4457,0,-854,0,1,1,0,0,0
3385,1,-754,0,1,0,0,0,0
2222,0,-259,0,0,0,0,0,0
1923,1,-1256,0,1,0,0,0,0
2000,0,-684,0,1,0,0,0,0
4494,2,-1010,0,0,1,0,0,0
887,2,-517,0,0,1,0,0,0
2866,2,-1184,0,0,1,0,0,0
4417,2,-1382,0,0,1,0,0,0
4608,0,-58,0,0,0,0,0,0
4788,0,-317,0,0,0,0,0,0
3316,1,-949,0,1,0,0,0,0
3930,2,-61,0,1,1,0,0,0
4309,1,-984,0,0,1,0,0,0
1968,0,-559,0,1,1,0,0,0
1956,0,-1216,0,0,0,0,0,0
2294,0,-590,0,1,1,0,0,0
4883,1,-995,0,0,0,0,0,0
1766,2,-1412,0,0,0,0,0,0
760,0,-954,0,0,1,0,0,0
1695,2,-1467,0,0,0,0,0,0
797,1,-862,0,1,0,0,0,0
1694,1,-485,0,1,0,0,0,0
1121,0,-112,0,0,0,0,0,0
2021,0,-376,0,1,0,0,0,0
268,1,-97,0,0,1,0,0,0
2207,0,-872,0,1,0,0,0,0
2230,0,-333,0,0,1,0,0,0
2797,0,-1429,0,0,0,0,0,0
1350,2,-1103,0,0,0,0,0,0
4183,2,-486,0,0,0,0,0,0
2329,1,-1092,0,1,1,0,0,0
4552,2,-930,0,1,0,0,0,0
2420,0,-633,0,1,1,0,0,0
2552,2,-477,0,1,0,0,0,0
947,1,-552,0,0,1,0,0,0
1831,0,-292,0,1,1,0,0,0
3670,0,-1156,0,1,0,0,0,0
4012,1,-613,0,0,0,0,0,0
1751,2,-384,0,0,0,0,0,0
1312,1,-424,0,0,1,0,0,0
2169,2,-1079,0,1,1,0,0,0
3883,2,-465,0,0,1,0,0,0
2379,1,-95,0,0,1,0,0,0
389,2,-516,0,0,1,0,0,0
1529,2,-1409,0,0,0,0,0,0
353,0,-36,0,1,0,0,0,0
560,0,-599,0,0,0,0,0,0
3250,1,-1287,0,0,1,0,0,0
2099,2,-138,0,0,1,0,0,0
1449,0,-1229,0,1,1,0,0,0
2605,0,-774,0,1,1,0,0,0
4893,1,-1487,0,1,1,0,0,0
3815,0,-214,0,1,0,0,0,0
317,0,-128,0,0,0,0,0,0
739,2,-826,0,0,1,0,0,0
2818,2,-1465,0,0,0,0,0,0
3293,2,-1158,0,1,0,0,0,0
3741,2,-18,0,1,0,0,0,0
1334,2,-372,0,1,0,0,0,0
392,2,-1173,0,1,1,0,0,0
3804,2,-1022,0,1,1,0,0,0
2195,2,-870,0,1,0,0,0,0
381,0,-953,0,1,0,0,0,0
926,0,-210,0,1,0,0,0,0
338,2,-181,0,0,1,0,0,0
4973,1,-1458,0,1,1,0,0,0
1867,2,-1033,0,0,1,0,0,0
4528,2,-918,0,0,1,0,0,0
398,0,-1037,0,0,0,0,0,0
472,2,-524,0,0,0,0,0,0
899,2,-1337,0,1,1,0,0,0
4763,0,-614,0,1,1,0,0,0
4033,2,-626,0,1,0,0,0,0
1842,0,-945,0,1,1,0,0,0
3668,0,-447,0,0,1,0,0,0
1697,1,-770,0,1,1,0,0,0
177,0,-187,0,0,0,0,0,0
4609,0,-727,0,1,1,0,0,0
2060,1,-630,0,0,1,0,0,0
4930,2,-162,0,0,0,0,0,0
1490,1,-178,0,1,0,0,0,0
3386,1,-358,0,1,0,0,0,0
2940,1,-691,0,0,1,0,0,0
1898,1,-255,0,1,1,0,0,0
4824,0,-582,0,0,1,0,0,0
2380,0,-531,0,1,0,0,0,0
2655,1,-988,0,0,0,0,0,0
4471,2,-857,0,1,1,0,0,0
1557,1,-1145,0,0,0,0,0,0
3241,0,-1256,0,0,0,0,0,0
3609,1,-174,0,1,0,0,0,0
4537,1,-845,0,0,1,0,0,0
128,2,-485,0,0,1,0,0,0
2788,1,-225,0,0,0,0,0,0
2025,1,-1164,0,0,0,0,0,0
4629,0,-265,0,1,0,0,0,0
3400,2,-969,0,0,0,0,0,0
4113,2,-563,0,1,0,0,0,0
3560,1,-511,0,0,1,0,0,0
1367,0,-1227,0,0,0,0,0,0
2975,2,-941,0,0,1,0,0,0
288,2,-543,0,1,0,0,0,0
3148,0,-472,0,0,1,0,0,0
2237,0,-405,0,1,0,0,0,0
711,1,-1465,0,0,1,0,0,0
3356,0,-568,0,0,0,0,0,0
163,1,-523,0,1,0,0,0,0
811,2,-388,0,1,0,0,0,0
3252,0,-1109,0,0,1,0,0,0
605,2,-1071,0,0,0,0,0,0
2108,0,-677,0,1,1,0,0,0
2244,1,-504,0,0,1,0,0,0
3342,1,-658,0,0,0,0,0,0
758,2,-619,0,0,0,0,0,0
2506,0,-321,0,0,0,0,0,0
370,2,-1136,0,1,1,0,0,0
58,1,-627,0,0,1,0,0,0
4749,0,-27,0,1,0,0,0,0
320,0,-85,0,0,0,0,0,0
193,0,-911,0,1,0,0,0,0
4663,2,-827,0,0,0,0,0,0
1194,0,-593,0,1,1,0,0,0
3740,1,-437,0,0,1,0,0,0
3886,1,-397,0,0,1,0,0,0
884,0,-1442,0,1,1,0,0,0
1989,2,-595,0,0,1,0,0,0
802,1,-955,0,0,0,0,0,0
378,0,-936,0,1,1,0,0,0
795,0,-1203,0,1,1,0,0,0
956,1,-1445,0,1,1,0,0,0
3576,2,-1210,0,0,1,0,0,0
4795,0,-1173,0,0,1,0,0,0
758,1,-650,0,0,1,0,0,0
3430,0,-1198,0,1,1,0,0,0
3924,1,-1081,0,1,1,0,0,0
576,0,-63,0,1,0,0,0,0
416,1,-78,0,1,0,0,0,0
1285,0,-59,0,0,1,0,0,0
4735,2,-1025,0,0,0,0,0,0
1601,2,-1441,0,0,0,0,0,0
3657,2,-348,0,0,0,0,0,0
1197,1,-1007,0,1,0,0,0,0
1311,1,-477,0,1,0,0,0,0
3968,2,-1245,0,1,1,0,0,0
4193,0,-706,0,0,1,0,0,0
151,2,-23,0,1,0,0,0,0
2863,1,-532,0,0,0,0,0,0
2413,2,-1086,0,1,1,0,0,0
2100,2,-315,0,0,0,0,0,0
1430,0,-1376,0,1,0,0,0,0
2341,1,-1485,0,1,0,0,0,0
3379,1,-187,0,0,1,0,0,0
4895,1,-635,0,1,0,0,0,0
4969,1,-1214,0,1,1,0,0,0
1336,2,-669,0,0,0,0,0,0
1318,2,-217,0,0,1,0,0,0
4340,1,-791,0,0,1,0,0,0
1664,1,-705,0,1,0,0,0,0
2245,2,-416,0,1,0,0,0,0
888,1,-974,0,1,1,0,0,0
4813,2,-1078,0,0,1,0,0,0
578,0,-103,0,0,0,0,0,0
2484,1,-136,0,0,1,0,0,0
2506,2,-804,0,0,1,0,0,0
1403,0,-98,0,0,0,0,0,0
1779,0,-86,0,0,0,0,0,0
2403,1,-615,0,0,0,0,0,0
1807,0,-1057,0,1,0,0,0,0
4141,2,-1148,0,1,1,0,0,0
3589,0,-956,0,1,1,0,0,0
4903,1,-207,0,1,1,0,0,0
677,0,-234,0,1,0,0,0,0
1729,1,-614,0,0,0,0,0,0
69,1,-759,0,1,1,0,0,0
4827,1,-1225,0,1,1,0,0,0
4391,0,-397,0,0,1,0,0,0
2789,0,-712,0,1,1,0,0,0
488,1,-953,0,0,0,0,0,0
4370,0,-872,0,0,0,0,0,0
4259,2,-211,0,0,0,0,0,0
4203,1,-925,0,0,0,0,0,0
2212,2,-1082,0,0,0,0,0,0
1348,2,-196,0,0,0,0,0,0
495,0,-1074,0,0,0,0,0,0
2167,1,-407,0,1,1,0,0,0
1891,0,-590,0,1,0,0,0,0
2925,0,-1234,0,0,0,0,0,0
2031,1,-27,0,1,1,0,0,0
2099,2,-866,0,1,0,0,0,0
1488,1,-197,0,0,0,0,0,0
3391,2,-277,0,1,0,0,0,0
3013,0,-1442,0,1,0,0,0,0
4063,1,-910,0,1,0,0,0,0
2103,2,-152,0,0,0,0,0,0
1842,1,-451,0,1,1,0,0,0
4152,0,-1474,0,0,1,0,0,0
3495,2,-450,0,0,0,0,0,0
2909,0,-724,0,0,0,0,0,0
2791,1,-1377,0,1,1,0,0,0
2338,1,-89,0,0,0,0,0,0
4388,1,-555,0,0,1,0,0,0
2735,1,-881,0,1,0,0,0,0
4645,0,-674,0,1,1,0,0,0
2594,2,-1463,0,1,1,0,0,0
3873,2,-901,0,1,0,0,0,0
3965,0,-756,0,0,1,0,0,0
3770,1,-1448,0,0,1,0,0,0
3509,0,-928,0,1,1,0,0,0
4377,2,-1485,0,1,0,0,0,0
167,0,-302,0,1,1,0,0,0
3890,1,-1340,0,1,1,0,0,0
4635,1,-297,0,0,1,0,0,0
4892,1,-1151,0,1,0,0,0,0
2162,2,-985,0,1,1,0,0,0
4795,2,-110,0,1,1,0,0,0
4999,0,-1107,0,0,0,0,0,0
175,0,-1200,0,1,0,0,0,0
3530,2,-398,0,0,0,0,0,0
2731,0,-224,0,0,1,0,0,0
3123,1,-47,0,1,0,0,0,0
2706,2,-590,0,1,1,0,0,0
1707,2,-875,0,0,0,0,0,0
4653,1,-700,0,0,0,0,0,0
4582,0,-996,0,1,1,0,0,0
2295,0,-1390,0,1,1,0,0,0
320,0,-1322,0,0,1,0,0,0
2040,2,-367,0,0,1,0,0,0
1369,0,-789,0,0,1,0,0,0
490,2,-1352,0,1,0,0,0,0
3691,0,-338,0,1,1,0,0,0
3344,2,-147,0,1,0,0,0,0
4475,0,-997,0,0,1,0,0,0
1415,0,-160,0,0,1,0,0,0
3098,2,-38,0,1,0,0,0,0
1453,1,-1422,0,0,0,0,0,0
743,1,-310,0,1,1,0,0,0
2974,0,-92,0,0,1,0,0,0
3200,1,-1356,0,0,0,0,0,0
1055,1,-878,0,0,1,0,0,0
4615,0,-1192,0,0,0,0,0,0
4993,2,-671,0,0,0,0,0,0
4050,1,-76,0,1,0,0,0,0
1892,0,-1201,0,1,0,0,0,0
2507,1,-328,0,1,1,0,0,0
934,0,-1138,0,0,0,0,0,0
1889,2,-851,0,1,1,0,0,0
1746,0,-407,0,1,0,0,0,0
2547,2,-362,0,1,1,0,0,0
3398,1,-1486,0,0,0,0,0,0
4924,2,-507,0,0,0,0,0,0
3512,1,-75,0,0,0,0,0,0
4408,0,-114,0,1,0,0,0,0
3704,1,-549,0,0,0,0,0,0
2985,1,-316,0,1,0,0,0,0
3338,0,-1193,0,1,0,0,0,0
3389,1,-914,0,0,1,0,0,0
2073,0,-889,0,0,1,0,0,0
2436,1,-1119,0,1,0,0,0,0
4236,2,-193,0,0,0,0,0,0
4234,1,-101,0,0,0,0,0,0
1661,0,-1006,0,0,0,0,0,0
4326,0,-967,0,1,0,0,0,0
3463,0,-357,0,1,1,0,0,0
2001,2,-1200,0,1,1,0,0,0
3783,1,-1437,0,0,0,0,0,0
540,1,-139,0,0,0,0,0,0
2043,0,-1204,0,1,0,0,0,0
2141,1,-778,0,1,1,0,0,0
3100,0,-286,0,0,1,0,0,0
598,0,-296,0,0,0,0,0,0
1699,2,-891,0,0,1,0,0,0
2821,0,-1348,0,1,1,0,0,0
3946,1,-242,0,0,0,0,0,0
3146,0,-359,0,0,0,0,0,0
865,1,-1381,0,0,0,0,0,0
1901,1,-1374,0,1,1,0,0,0
4447,1,-1199,0,0,1,0,0,0
3558,2,-998,0,1,1,0,0,0
3393,1,-1029,0,0,1,0,0,0
3127,0,-1424,0,0,1,0,0,0
210,0,-863,0,0,0,0,0,0
4129,0,-236,0,0,0,0,0,0
3779,0,-1447,0,0,0,0,0,0
796,2,-1166,0,0,1,0,0,0
4200,1,-1247,0,1,1,0,0,0
4409,0,-1113,0,1,1,0,0,0
1386,2,-716,0,0,1,0,0,0
3401,1,-336,0,0,1,0,0,0
2855,1,-1389,0,0,0,0,0,0
3486,1,-1339,0,1,1,0,0,0
2077,1,-246,0,0,0,0,0,0
4944,1,-603,0,1,1,0,0,0
4176,1,-1118,0,1,0,0,0,0
822,2,-1200,0,0,0,0,0,0
1766,0,-10,0,0,1,0,0,0
493,1,-1372,0,1,1,0,0,0
1547,1,-1033,0,0,0,0,0,0
2807,1,-1003,0,1,1,0,0,0
509,2,-947,0,0,1,0,0,0
1257,2,-127,0,0,1,0,0,0
2656,0,-44,0,1,1,0,0,0
1225,0,-752,0,1,1,0,0,0
4255,0,-974,0,1,1,0,0,0
4542,2,-599,0,0,0,0,0,0
1546,1,-66,0,1,1,0,0,0
2931,1,-261,0,0,1,0,0,0
4511,1,-239,0,0,0,0,0,0
4931,1,-137,0,0,0,0,0,0
184,0,-646,0,1,0,0,0,0
152,1,-944,0,1,0,0,0,0
2155,0,-634,0,1,0,0,0,0
3072,1,-1388,0,0,1,0,0,0
1645,0,-704,0,0,1,0,0,0
4349,2,-1196,0,1,1,0,0,0
1113,1,-1172,0,1,1,0,0,0
2918,1,-180,0,1,1,0,0,0
1385,0,-845,0,1,0,0,0,0
4635,1,-751,0,1,0,0,0,0
4878,2,-1344,0,1,1,0,0,0
934,0,-945,0,1,0,0,0,0
3411,2,-1455,0,0,1,0,0,0
3801,2,-1211,0,0,0,0,0,0
4086,0,-141,0,0,0,0,0,0
576,1,-1414,0,1,0,0,0,0
281,2,-452,0,0,1,0,0,0
4881,2,-967,0,1,0,0,0,0
3220,2,-267,0,0,1,0,0,0
4481,0,-1102,0,1,1,0,0,0
2438,0,-809,0,0,1,0,0,0
3572,1,-1127,0,1,1,0,0,0
333,1,-953,0,0,1,0,0,0
2500,2,-579,0,0,1,0,0,0
3338,1,-881,0,0,0,0,0,0
4667,1,-1367,0,1,1,0,0,0
4093,0,-1253,0,0,1,0,0,0
699,0,-571,0,1,0,0,0,0
3915,1,-186,0,0,1,0,0,0
1009,0,-205,0,0,0,0,0,0
4652,1,-751,0,0,1,0,0,0
4694,0,-1442,0,0,0,0,0,0
2916,2,-1259,0,0,1,0,0,0
804,1,-1463,0,0,0,0,0,0
4498,1,-1093,0,1,1,0,0,0
146,2,-351,0,1,0,0,0,0
741,0,-452,0,0,1,0,0,0
3495,1,-1386,0,0,1,0,0,0
2829,2,-661,0,1,1,0,0,0
4999,1,-269,0,1,0,0,0,0
1201,0,-980,0,1,1,0,0,0
1321,1,-1261,0,0,1,0,0,0
895,1,-166,0,0,1,0,0,0
400,2,-578,0,0,1,0,0,0
2650,0,-1087,0,0,1,0,0,0
3048,0,-504,0,1,0,0,0,0
2621,1,-1476,0,0,1,0,0,0
237,0,-539,0,1,0,0,0,0
1019,1,-737,0,0,0,0,0,0
4422,1,-758,0,1,1,0,0,0
600,0,-72,0,0,0,0,0,0
3990,2,-55,0,1,1,0,0,0
1935,2,-1027,0,0,0,0,0,0
1582,1,-625,0,1,1,0,0,0
4655,1,-138,0,0,1,0,0,0
1761,1,-1004,0,0,0,0,0,0
1467,2,-1478,0,1,0,0,0,0
3158,2,-823,0,1,0,0,0,0
2081,2,-59,0,0,0,0,0,0
3557,1,-1020,0,0,0,0,0,0
1593,2,-203,0,0,0,0,0,0
4375,0,-714,0,1,0,0,0,0
1274,0,-1485,0,1,1,0,0,0
89,2,-497,0,0,0,0,0,0
1340,0,-43,0,1,1,0,0,0
2207,2,-1053,0,0,1,0,0,0
1646,2,-865,0,0,0,0,0,0
4253,2,-1006,0,0,1,0,0,0
216,2,-1178,0,0,0,0,0,0
4551,2,-1016,0,0,0,0,0,0
2502,2,-146,0,1,1,0,0,0
818,0,-1383,0,1,1,0,0,0
2479,2,-648,0,0,0,0,0,0
2883,2,-1349,0,0,1,0,0,0
4756,2,-477,0,1,0,0,0,0
4510,1,-602,0,1,1,0,0,0
2367,2,-323,0,1,1,0,0,0
2007,0,-1313,0,0,0,0,0,0
612,2,-611,0,1,1,0,0,0
1017,1,-1036,0,1,0,0,0,0
1764,1,-1197,0,1,1,0,0,0
629,1,-444,0,1,0,0,0,0
620,1,-699,0,1,1,0,0,0
4345,2,-1026,0,1,1,0,0,0
1123,1,-779,0,0,1,0,0,0
1054,0,-1074,0,1,1,0,0,0
37,1,-511,0,0,0,0,0,0
497,0,-879,0,1,0,0,0,0
3647,2,-1496,0,1,0,0,0,0
4211,0,-852,0,0,0,0,0,0
1378,2,-1036,0,1,0,0,0,0
2789,0,-61,0,0,0,0,0,0
3056,2,-1215,0,0,0,0,0,0
4043,0,-819,0,0,1,0,0,0
449,0,-14,0,1,1,0,0,0
679,2,-401,0,0,1,0,0,0
2799,2,-1320,0,0,0,0,0,0
1812,0,-52,0,1,0,0,0,0
1782,0,-1183,0,0,0,0,0,0
321,2,-843,0,0,1,0,0,0
2543,1,-609,0,0,1,0,0,0
688,2,-483,0,0,0,0,0,0
1312,0,-1244,0,0,1,0,0,0
407,0,-1377,0,0,0,0,0,0
4996,2,-1267,0,1,1,0,0,0
1496,0,-626,0,0,0,0,0,0
4251,2,-985,0,0,1,0,0,0
2116,1,-527,0,0,0,0,0,0
2644,1,-775,0,0,0,0,0,0
1028,2,-535,0,0,0,0,0,0
4722,0,-937,0,1,0,0,0,0
211,0,-1245,0,0,0,0,0,0
1344,0,-196,0,0,0,0,0,0
2601,1,-778,0,0,1,0,0,0
3606,2,-514,0,1,1,0,0,0
1087,1,-132,0,0,1,0,0,0
3697,2,-1466,0,0,0,0,0,0
2422,1,-128,0,0,1,0,0,0
357,0,-73,0,0,1,0,0,0
4906,0,-886,0,0,0,0,0,0
670,0,-511,0,0,0,0,0,0
4964,0,-714,0,0,0,0,0,0
428,2,-224,0,1,1,0,0,0
2463,1,-373,0,0,0,0,0,0
1366,0,-540,0,0,1,0,0,0
4341,1,-55,0,0,0,0,0,0
2868,1,-700,0,1,0,0,0,0
696,2,-747,0,0,0,0,0,0
3838,1,-1365,0,1,1,0,0,0
2099,2,-61,0,1,1,0,0,0
337,1,-1080,0,1,0,0,0,0
1800,1,-763,0,1,1,0,0,0
4407,2,-290,0,0,1,0,0,0
3321,2,-1129,0,0,0,0,0,0
2348,1,-240,0,1,1,0,0,0
4859,0,-1136,0,0,0,0,0,0
122,2,-148,0,0,0,0,0,0
2986,2,-692,0,1,0,0,0,0
4077,1,-301,0,1,1,0,0,0
4629,1,-9,0,1,1,0,0,0
293,0,-1216,0,0,0,0,0,0
2457,2,-1351,0,1,1,0,0,0
752,2,-940,0,1,0,0,0,0
1876,1,-165,0,0,1,0,0,0
2234,1,-335,0,0,0,0,0,0
4636,0,-258,0,0,1,0,0,0
2097,2,-537,0,1,0,0,0,0
932,2,-414,0,1,1,0,0,0
2114,1,-683,0,0,0,0,0,0
1601,0,-1079,0,0,1,0,0,0
68,0,-1133,0,1,0,0,0,0
419,1,-1304,0,1,0,0,0,0
3600,1,-694,0,0,0,0,0,0
2129,2,-32,0,1,0,0,0,0
4913,2,-1062,0,0,0,0,0,0
2624,1,-1465,0,0,1,0,0,0
1479,1,-205,0,1,0,0,0,0
3727,1,-1109,0,0,0,0,0,0
4791,0,-1272,0,1,1,0,0,0
2712,1,-1430,0,1,0,0,0,0
4993,0,-629,0,1,0,0,0,0
4639,1,-1164,0,1,1,0,0,0
3824,1,-964,0,0,1,0,0,0
2364,1,-787,0,0,1,0,0,0
2707,2,-889,0,1,0,0,0,0
3237,0,-1373,0,0,1,0,0,0
4241,0,-1183,0,1,0,0,0,0
3906,1,-919,0,0,1,0,0,0
2265,2,-502,0,1,0,0,0,0
1330,2,-1160,0,1,1,0,0,0
4425,2,-604,0,1,1,0,0,0
46,0,-1325,0,1,1,0,0,0
551,2,-530,0,0,1,0,0,0
1780,1,-454,0,0,1,0,0,0
957,2,-1406,0,0,1,0,0,0
419,1,-693,0,1,1,0,0,0
3338,1,-87,0,1,1,0,0,0
1858,0,-1181,0,0,1,0,0,0
4487,1,-998,0,0,1,0,0,0
4313,2,-724,0,1,0,0,0,0
507,2,-1138,0,1,0,0,0,0
3450,0,-441,0,0,0,0,0,0
344,0,-804,0,1,1,0,0,0
1961,1,-267,0,0,0,0,0,0
3520,1,-133,0,1,1,0,0,0
3056,1,-1419,0,0,0,0,0,0
2486,1,-60,0,0,1,0,0,0
55,1,-116,0,1,1,0,0,0
2725,2,-6,0,0,0,0,0,0
1066,1,-1208,0,0,0,0,0,0
613,0,-1226,0,0,0,0,0,0
3486,1,-1448,0,1,1,0,0,0
1544,1,-907,0,0,1,0,0,0
2319,1,-488,0,0,1,0,0,0
2231,2,-1270,0,1,1,0,0,0
1814,0,-1394,0,0,1,0,0,0
1663,0,-868,0,0,1,0,0,0
4465,1,-413,0,0,1,0,0,0
262,1,-1294,0,1,0,0,0,0
1516,0,-1204,0,0,1,0,0,0
4749,1,-1,0,0,1,0,0,0
4076,1,-649,0,0,0,0,0,0
2622,0,-1460,0,1,1,0,0,0
4198,2,-1391,0,1,1,0,0,0
4400,1,-68,0,0,0,0,0,0
3805,2,-712,0,1,0,0,0,0
3370,0,-593,0,1,1,0,0,0
3019,2,-195,0,0,1,0,0,0
3919,0,-123,0,1,1,0,0,0
3966,0,-500,0,1,1,0,0,0
3998,1,-1287,0,0,0,0,0,0
397,1,-827,0,0,0,0,0,0
1811,1,-1048,0,1,1,0,0,0
2765,1,-985,0,0,1,0,0,0
4031,1,-547,0,1,1,0,0,0
4841,2,-1297,0,0,1,0,0,0
611,0,-574,0,1,0,0,0,0
4288,1,-1298,0,1,1,0,0,0
766,2,-1465,0,0,1,0,0,0
4203,1,-299,0,1,1,0,0,0
891,0,-186,0,1,0,0,0,0
390,2,-23,0,1,1,0,0,0
1066,2,-959,0,1,1,0,0,0
3574,2,-966,0,1,1,0,0,0
3716,1,-689,0,1,1,0,0,0
4533,0,-891,0,0,0,0,0,0
2429,0,-1294,0,1,0,0,0,0
4310,0,-1084,0,1,0,0,0,0
3532,0,-1346,0,0,0,0,0,0
1350,2,-842,0,0,0,0,0,0
1994,0,-426,0,0,1,0,0,0
1087,2,-268,0,1,1,0,0,0
1914,0,-450,0,0,1,0,0,0
13,0,-68,0,0,1,0,0,0
1785,2,-1068,0,1,1,0,0,0
372,2,-826,0,1,0,0,0,0
2512,0,-26,0,0,1,0,0,0
4260,1,-97,0,1,1,0,0,0
3866,2,-1338,0,0,1,0,0,0
4895,1,-1186,0,1,0,0,0,0
222,1,-919,0,0,0,0,0,0
1701,1,-195,0,1,1,0,0,0
3058,2,-5,0,1,0,0,0,0
3780,2,-1064,0,1,0,0,0,0
3751,0,-1278,0,0,0,0,0,0
124,1,-573,0,1,1,0,0,0
4464,0,-986,0,1,1,0,0,0
2461,0,-1454,0,1,0,0,0,0
3770,0,-75,0,0,0,0,0,0
4692,0,-871,0,0,1,0,0,0
2035,2,-1475,0,1,0,0,0,0
3615,2,-1229,0,0,0,0,0,0
4311,2,-663,0,1,0,0,0,0
4123,0,-232,0,0,1,0,0,0
349,0,-733,0,1,0,0,0,0
4781,0,-432,0,0,1,0,0,0
3300,0,-1219,0,1,1,0,0,0
4298,1,-1116,0,1,1,0,0,0
1359,0,-730,0,1,0,0,0,0
125,2,-1112,0,1,1,0,0,0
444,2,-268,0,1,1,0,0,0
2638,1,-346,0,0,0,0,0,0
3443,2,-743,0,1,0,0,0,0
977,0,-632,0,0,1,0,0,0
3440,0,-1007,0,1,1,0,0,0
3985,0,-1472,0,0,1,0,0,0
792,1,-315,0,0,1,0,0,0
54,1,-153,0,1,0,0,0,0
2635,0,-1028,0,0,1,0,0,0
184,2,-729,0,1,0,0,0,0
626,1,-781,0,0,1,0,0,0
267,2,-26,0,1,1,0,0,0
4686,1,-1248,0,1,0,0,0,0
912,1,-255,0,1,1,0,0,0
4734,1,-468,0,0,0,0,0,0
3373,0,-967,0,0,1,0,0,0
4386,2,-407,0,0,0,0,0,0
3845,0,-183,0,0,0,0,0,0
3947,0,-831,0,1,0,0,0,0
1117,0,-1082,0,0,1,0,0,0
2106,1,-803,0,1,0,0,0,0
1221,1,-1202,0,1,1,0,0,0
4501,1,-195,0,0,0,0,0,0
2561,0,-412,0,0,1,0,0,0
1135,1,-322,0,0,0,0,0,0
4646,0,-875,0,1,1,0,0,0
1684,0,-1271,0,0,0,0,0,0
3021,1,-1180,0,1,1,0,0,0
1122,0,-1242,0,0,0,0,0,0
2884,2,-843,0,1,1,0,0,0
504,2,-738,0,1,1,0,0,0
4574,2,-1474,0,0,1,0,0,0
3697,2,-1472,0,1,1,0,0,0
2545,1,-1235,0,0,1,0,0,0
1773,1,-1198,0,0,1,0,0,0
262,0,-753,0,1,0,0,0,0
3413,1,-198,0,0,0,0,0,0
847,2,-506,0,1,1,0,0,0
451,2,-344,0,1,1,0,0,0
3723,2,-1380,0,1,1,0,0,0
2086,2,-186,0,0,0,0,0,0
1314,1,-1492,0,1,1,0,0,0
1942,1,-600,0,0,0,0,0,0
3572,0,-346,0,0,1,0,0,0
4802,2,-94,0,1,1,0,0,0
4817,0,-875,0,1,0,0,0,0
2543,0,-1052,0,1,1,0,0,0
3934,1,-1342,0,0,0,0,0,0
800,0,-1445,0,0,0,0,0,0
477,1,-724,0,1,0,0,0,0
2840,1,-850,0,0,0,0,0,0
547,0,-1354,0,0,0,0,0,0
4560,1,-886,0,0,1,0,0,0
3121,1,0,0,0,1,0,0,0
4618,1,-891,0,1,1,0,0,0
815,2,-472,0,1,0,0,0,0
4350,1,-689,0,1,1,0,0,0
2861,0,-887,0,0,1,0,0,0
3582,1,-486,0,0,0,0,0,0
345,0,-98,0,0,1,0,0,0
1285,2,-579,0,0,1,0,0,0
2900,2,-1037,0,1,0,0,0,0
3441,1,-701,0,1,0,0,0,0
4383,2,-1082,0,0,0,0,0,0
4365,2,-767,0,0,1,0,0,0
3096,1,-250,0,1,1,0,0,0
24,0,-866,0,0,0,0,0,0
4308,1,-937,0,0,0,0,0,0
4693,1,-580,0,0,1,0,0,0
4627,2,-122,0,0,0,0,0,0
4434,2,-247,0,1,1,0,0,0
1801,1,-1364,0,0,0,0,0,0
3611,1,-817,0,0,1,0,0,0
4767,1,-1122,0,0,0,0,0,0
3275,1,-719,0,1,1,0,0,0
1011,1,-416,0,1,1,0,0,0
2702,1,-797,0,0,0,0,0,0
1029,1,-971,0,1,0,0,0,0
1009,2,-839,0,1,0,0,0,0
4216,2,-825,0,0,1,0,0,0
73,0,-1237,0,1,0,0,0,0
4785,1,-499,0,0,0,0,0,0
2967,1,-421,0,1,1,0,0,0
1121,0,-77,0,1,0,0,0,0
1039,1,-507,0,0,1,0,0,0
4240,2,-1260,0,1,1,0,0,0
4531,1,-319,0,1,0,0,0,0
2725,2,-1240,0,0,0,0,0,0
2941,0,-207,0,1,0,0,0,0
1339,2,-79,0,0,0,0,0,0
4718,2,-953,0,1,0,0,0,0
2247,1,-1122,0,1,0,0,0,0
1986,0,-552,0,1,1,0,0,0
4927,2,-464,0,1,1,0,0,0
2582,2,-545,0,1,0,0,0,0
4122,0,-201,0,0,0,0,0,0
4380,2,-597,0,0,0,0,0,0
2883,0,-505,0,0,1,0,0,0
3186,2,-852,0,0,1,0,0,0
3986,0,-283,0,0,0,0,0,0
664,0,-654,0,1,1,0,0,0
4812,1,-1497,0,1,0,0,0,0
1304,0,-197,0,0,1,0,0,0
305,2,-851,0,1,0,0,0,0
1958,1,-1323,0,0,0,0,0,0
4052,2,-1387,0,0,0,0,0,0
4683,2,-1156,0,0,0,0,0,0
1307,2,-52,0,0,0,0,0,0
2038,1,-879,0,1,0,0,0,0
803,1,-899,0,0,1,0,0,0
1614,0,-1055,0,1,0,0,0,0
3579,0,-596,0,1,1,0,0,0
4995,0,-894,0,1,1,0,0,0
2378,0,-1096,0,1,1,0,0,0
4165,0,-1324,0,1,0,0,0,0
1337,1,-429,0,1,0,0,0,0
3069,0,-383,0,1,0,0,0,0
864,0,-516,0,0,0,0,0,0
3210,0,-882,0,1,0,0,0,0
3978,1,-745,0,1,1,0,0,0
999,1,-1153,0,1,1,0,0,0
4895,2,-30,0,0,0,0,0,0
3659,0,-543,0,1,1,0,0,0
1643,2,-386,0,0,1,0,0,0
2103,2,-1446,0,0,1,0,0,0
3244,2,-507,0,0,1,0,0,0
3405,1,-1159,0,0,1,0,0,0
4685,2,-590,0,0,1,0,0,0
2419,1,-813,0,1,1,0,0,0
3740,1,-747,0,1,1,0,0,0
3300,1,-1086,0,0,1,0,0,0
1017,2,-1238,0,0,0,0,0,0
2213,0,-681,0,0,0,0,0,0
310,0,-901,0,1,1,0,0,0
2783,2,-661,0,0,1,0,0,0
985,0,-1056,0,0,1,0,0,0
3755,0,-312,0,0,0,0,0,0
2707,1,-1012,0,1,1,0,0,0
4680,2,-612,0,0,1,0,0,0
2212,2,-1329,0,1,1,0,0,0
4471,1,-926,0,0,0,0,0,0
3950,0,-482,0,1,1,0,0,0
1766,0,-154,0,0,0,0,0,0
3537,1,-1262,0,1,0,0,0,0
3144,2,-354,0,0,1,0,0,0
2235,2,-304,0,1,1,0,0,0
778,0,-1081,0,1,1,0,0,0
4555,2,-1493,0,0,0,0,0,0
3968,2,-242,0,0,0,0,0,0
4618,0,-1368,0,1,1,0,0,0
1922,1,-386,0,1,0,0,0,0
3832,0,-1075,0,1,1,0,0,0
39,2,-362,0,1,1,0,0,0
295,0,-1354,0,0,1,0,0,0
1565,2,-739,0,1,1,0,0,0
4734,0,-301,0,1,0,0,0,0
634,2,-830,0,0,0,0,0,0
1040,1,-263,0,0,1,0,0,0
1669,0,-933,0,1,1,0,0,0
4593,1,-739,0,1,1,0,0,0
804,0,-471,0,1,0,0,0,0
55,0,-362,0,1,1,0,0,0
3805,2,-626,0,1,0,0,0,0
3128,1,-778,0,0,0,0,0,0
1085,1,-65,0,1,1,0,0,0
3796,0,-37,0,1,0,0,0,0
3183,1,-564,0,1,0,0,0,0
1669,1,-1267,0,1,0,0,0,0
2138,0,-1404,0,0,1,0,0,0
940,1,-801,0,0,0,0,0,0
4243,1,-1049,0,1,0,0,0,0
4808,2,-631,0,1,1,0,0,0
134,0,-946,0,0,0,0,0,0
3827,1,-1196,0,0,0,0,0,0
1316,2,-942,0,0,1,0,0,0
2358,0,-371,0,1,1,0,0,0
1071,1,-315,0,1,1,0,0,0
502,2,-1428,0,1,0,0,0,0
2618,0,-470,0,1,1,0,0,0
2840,0,-1100,0,0,0,0,0,0
2801,1,-1435,0,1,1,0,0,0
2376,2,-943,0,1,1,0,0,0
1223,1,-1109,0,0,1,0,0,0
2790,1,-1341,0,1,1,0,0,0
1982,2,-603,0,1,1,0,0,0
1793,2,-1096,0,0,1,0,0,0
3762,0,-646,0,1,1,0,0,0
29,0,-1414,0,1,0,0,0,0
3995,0,-33,0,1,1,0,0,0
496,0,-377,0,0,1,0,0,0
2420,0,-1403,0,1,0,0,0,0
349,0,-611,0,0,1,0,0,0
2114,2,-1429,0,0,0,0,0,0
1971,1,-675,0,1,0,0,0,0
3707,2,-494,0,0,1,0,0,0
511,2,-411,0,1,0,0,0,0
1789,2,-131,0,0,0,0,0,0
1177,2,-1044,0,1,1,0,0,0
3209,2,-96,0,0,0,0,0,0
3428,2,-417,0,0,1,0,0,0
3930,2,-247,0,1,1,0,0,0
507,0,-998,0,0,0,0,0,0
4674,2,-1424,0,1,0,0,0,0
1537,0,-1458,0,0,1,0,0,0
2822,0,-742,0,1,0,0,0,0
2686,1,-963,0,1,1,0,0,0
3986,2,-198,0,1,0,0,0,0
816,2,-389,0,1,1,0,0,0
217,1,-96,0,0,0,0,0,0
4212,1,-22,0,0,1,0,0,0
4528,1,-701,0,1,1,0,0,0
3368,1,-1475,0,1,0,0,0,0
4708,1,-3,0,1,1,0,0,0
1100,2,-1367,0,0,1,0,0,0
2877,0,-227,0,0,1,0,0,0
3448,1,-912,0,1,1,0,0,0
3983,1,-1340,0,0,1,0,0,0
771,1,-1406,0,0,0,0,0,0
3301,0,-371,0,1,1,0,0,0
3661,0,-694,0,0,0,0,0,0
4482,1,-778,0,1,0,0,0,0
4168,1,-1449,0,0,1,0,0,0
968,2,-551,0,1,1,0,0,0
1212,2,-903,0,1,0,0,0,0
4368,0,-843,0,0,1,0,0,0
4110,0,-1271,0,1,1,0,0,0
3451,1,-378,0,0,0,0,0,0
4008,1,-1377,0,0,1,0,0,0
